﻿<Items xmlns="http://schemas.datacontract.org/2004/07/MinutesToMidnight" xmlns:i="http://www.w3.org/2001/XMLSchema-instance">
	<name>items</name>
	<items>
		<Item>
			<fact>Terrorists looking for local cat.</fact>
			<locked>false</locked>
			<name>Newspaper</name>
			<overlayname>newspaperOverlay</overlayname>
			<texturename>newspaper</texturename>
			<type>newspaper</type>
		</Item>
		<Item>
			<fact>Internet believes cat to blame for attack.</fact>
			<locked>false</locked>
			<name>Bulletin Board</name>
			<overlayname>bulletinOverlay</overlayname>
			<texturename>bulletin</texturename>
			<type>bulletin</type>
		</Item>
		<Item>
			<fact>I think the cat did it.</fact>
			<locked>false</locked>
			<name>Terminal</name>
			<overlayname>computerOverlay</overlayname>
			<texturename>computer</texturename>
			<type>computer</type>
		</Item>
	</items>
</Items>